elemento1;elemento2;duplicata;title;artist;track01;track02;track03;track10;track11
7008;8831;1.0;1.0;1.0;1.0;1.0;1.0;1.0;1.0
3475;8592;1.0;0.9666666984558105;1.0;0.8888888955116272;1.0;0.8571428656578064;0.644444465637207;0.9130434989929199
6547;6741;1.0;1.0;1.0;0.9285714030265808;0.800000011920929;0.8571428656578064;0.8571428656578064;0.8461538553237915
7622;8349;1.0;1.0;1.0;0.9285714030265808;0.8235294222831726;0.9545454382896423;1.0;0.9375
7653;7852;1.0;0.75;1.0;0.7777777910232544;1.0;1.0;1.0;0.1764705777168274
