abordagem;etapa;algoritmosUtilizados;permutacao;iteracao;inspecoesManuais;precision;recall;f-measure;da;dm;ndm;tp;fp;tn;fn
DS;1 - acm diverg;10;1;0;0;1.0;0.12316715542521994;0.2193211488250653;42;0;0;42;0;47652862;299
DS;1 - acm diverg;10;2;0;0;0.9855072463768116;0.18528610354223432;0.3119266055045871;69;0;0;68;1;47652835;299
DS;1 - acm diverg;10;3;0;0;0.9852941176470589;0.1830601092896175;0.3087557603686636;68;0;0;67;1;47652836;299
DS;1 - acm diverg;15;1;0;0;1.0;0.12316715542521994;0.2193211488250653;42;0;0;42;0;47652862;299
DS;1 - acm diverg;15;2;0;0;1.0;0.12316715542521994;0.2193211488250653;42;0;0;42;0;47652862;299
DS;1 - acm diverg;15;3;0;0;1.0;0.12316715542521994;0.2193211488250653;42;0;0;42;0;47652862;299
DS;1 - acm diverg;20;1;0;0;1.0;0.11538461538461539;0.20689655172413793;39;0;0;39;0;47652865;299
DS;1 - acm diverg;20;2;0;0;1.0;0.11538461538461539;0.20689655172413793;39;0;0;39;0;47652865;299
DS;1 - acm diverg;20;3;0;0;1.0;0.11538461538461539;0.20689655172413793;39;0;0;39;0;47652865;299
