abordagem;etapa;algoritmosUtilizados;permutacao;iteracao;inspecoesManuais;precision;recall;f-measure;da;dm;ndm;tp;fp;tn;fn
DS;1 - acm diverg;10;1;0;0;1.0;0.14046822742474915;0.24633431085043989;42;0;0;42;0;47652904;257
DS;1 - acm diverg;10;2;0;0;0.9855072463768116;0.22742474916387959;0.3695652173913043;69;0;0;68;1;47652903;231
DS;1 - acm diverg;10;3;0;0;0.9852941176470589;0.22408026755852842;0.36512261580381467;68;0;0;67;1;47652903;232
DS;1 - acm diverg;15;1;0;0;1.0;0.14046822742474915;0.24633431085043989;42;0;0;42;0;47652904;257
DS;1 - acm diverg;15;2;0;0;1.0;0.14046822742474915;0.24633431085043989;42;0;0;42;0;47652904;257
DS;1 - acm diverg;15;3;0;0;1.0;0.14046822742474915;0.24633431085043989;42;0;0;42;0;47652904;257
DS;1 - acm diverg;20;1;0;0;1.0;0.13043478260869565;0.23076923076923078;39;0;0;39;0;47652904;260
DS;1 - acm diverg;20;2;0;0;1.0;0.13043478260869565;0.23076923076923078;39;0;0;39;0;47652904;260
DS;1 - acm diverg;20;3;0;0;1.0;0.13043478260869565;0.23076923076923078;39;0;0;39;0;47652904;260
