First Object;Second Object;similaridade
cd.[1858];cd.[9637];1.0
cd.[2406];cd.[7291];0.9749999940395355
cd.[2427];cd.[8640];0.96875
cd.[2004];cd.[3710];1.0
cd.[2187];cd.[2418];1.0
cd.[2252];cd.[4733];1.0
