abordagem;etapa;algoritmosUtilizados;permutacao;iteracao;inspecoesManuais;precision;recall;f-measure;da;dm;ndm;tp;fp;tn;fn
DS;1 - acm diverg;10;1;0;0;0.9629629629629629;0.046762589928057555;0.08919382504288165;108;0;0;104;4;-2228;2120
DS;1 - acm diverg;15;1;0;0;0.9487179487179487;0.049910071942446045;0.09483126868859462;117;0;0;111;6;-2230;2113
DS;1 - acm diverg;20;1;0;0;0.968503937007874;0.055305755395683456;0.1046363249680987;127;0;0;123;4;-2228;2101
