abordagem;etapa;algoritmosUtilizados;permutacao;iteracao;inspecoesManuais;precision;recall;f-measure;da;dm;ndm;tp;fp;tn;fn
DS;1 - acm diverg;10;1;0;0;1.0;0.14046822742474915;0.24633431085043989;42;0;0;42;0;47652904;257
DS;1 - acm diverg;10;1;0;0;1.0;0.14046822742474915;0.24633431085043989;42;0;0;42;0;47652904;257
DS;1 - acm diverg;10;1;0;0;1.0;0.14046822742474915;0.24633431085043989;42;0;0;42;0;47652904;257
DS;1 - acm diverg;10;1;0;0;1.0;0.14046822742474915;0.24633431085043989;42;0;0;42;0;47652904;257
DS;1 - acm diverg;10;1;0;0;1.0;0.14046822742474915;0.24633431085043989;42;0;0;42;0;47652904;257
