abordagem;etapa;algoritmosUtilizados;permutacao;iteracao;inspecoesManuais;precision;recall;f-measure;da;dm;ndm;tp;fp;tn;fn
DS;1 - acm diverg;10;1;0;0;1.0;0.14046822742474915;0.2463343108504399;42;0;0;42;0;47652904;257
DS;1 - acm diverg;15;1;0;0;1.0;0.14381270903010032;0.25146198830409355;43;0;0;43;0;47652904;256
DS;1 - acm diverg;20;1;0;0;1.0;0.13043478260869565;0.2307692307692308;39;0;0;39;0;47652904;260
DS;2 - AA[dg-arj];10;1;1;28;1.0;0.1939799331103679;0.32492997198879553;42;16;12;58;0;47652904;241
DS;3 - clasf;10;1;2;28;0.9507575757575758;0.8394648829431438;0.8916518650088809;248;16;12;251;13;47652891;48
