abordagem;etapa;algoritmosUtilizados;permutacao;iteracao;inspecoesManuais;precision;recall;f-measure;da;dm;ndm;tp;fp;tn;fn
DS;1 - acm diverg;10;1;0;0;1.0;0.14046822742474915;0.2463343108504399;42;0;0;42;0;47652904;257
DS;1 - acm diverg;15;1;0;0;1.0;0.14381270903010032;0.25146198830409355;43;0;0;43;0;47652904;256
DS;1 - acm diverg;20;1;0;0;1.0;0.13043478260869565;0.2307692307692308;39;0;0;39;0;47652904;260
DS;2 - AA[dg-arj];10;1;1;49;1.0;0.23411371237458195;0.3794037940379404;42;28;21;70;0;47652904;229
DS;3 - clasf;10;1;2;49;0.9169675090252708;0.8494983277591973;0.8819444444444445;249;28;21;254;23;47652881;45
