abordagem;etapa;algoritmosUtilizados;permutacao;iteracao;inspecoesManuais;precision;recall;f-measure;da;dm;ndm;tp;fp;tn;fn
DS;1 - acm diverg;10;1;0;0;1.0;0.14046822742474915;0.2463343108504399;42;0;0;42;0;47652904;257
DS;1 - acm diverg;15;1;0;0;1.0;0.14381270903010032;0.25146198830409355;43;0;0;43;0;47652904;256
DS;1 - acm diverg;20;1;0;0;1.0;0.13043478260869565;0.2307692307692308;39;0;0;39;0;47652904;260
DS;2 - AA[dg-arj];10;1;1;88;1.0;0.29431438127090304;0.454780361757106;42;46;42;88;0;47652904;211
DS;3 - clasf;10;1;2;88;0.9812734082397003;0.8762541806020067;0.9257950530035335;221;46;42;262;5;47652899;37
