abordagem;etapa;algoritmosUtilizados;permutacao;iteracao;inspecoesManuais;precision;recall;f-measure;da;dm;ndm;tp;fp;tn;fn
AS;only;5;1;0;0;0.9761904761904762;0.5484949832775919;0.702355460385439;168;0;0;164;4;47652900;135
AS;only;5;1;1;29;0.9781420765027322;0.5986622073578596;0.7427385892116182;168;15;14;179;4;47652900;120
AS;only;5;1;2;74;0.9846153846153847;0.6421404682274248;0.7773279352226722;137;58;16;192;3;47652901;107
AS;only;5;1;3;359;0.9851485148514851;0.6655518394648829;0.7944111776447106;136;66;293;199;3;47652901;100
AS;only;5;1;4;363;0.9851485148514851;0.6655518394648829;0.7944111776447106;132;70;293;199;3;47652901;100
