abordagem;etapa;algoritmosUtilizados;permutacao;iteracao;inspecoesManuais;precision;recall;f-measure;da;dm;ndm;tp;fp;tn;fn
AS;only;8;1;0;0;0.9811320754716981;0.34782608695652173;0.5135802469135802;106;0;0;104;2;47652902;195
AS;only;8;1;1;62;0.9879518072289156;0.5484949832775919;0.7053763440860216;106;60;2;164;2;47652902;135
AS;only;8;1;2;91;0.988950276243094;0.5986622073578596;0.7458333333333333;106;75;16;179;2;47652902;120
AS;only;8;1;3;105;0.9896907216494846;0.6421404682274248;0.7789046653144017;106;88;17;192;2;47652902;107
AS;only;8;1;4;390;0.9900497512437811;0.6655518394648829;0.796;105;96;294;199;2;47652902;100
AS;only;8;1;5;392;0.9900497512437811;0.6655518394648829;0.796;103;98;294;199;2;47652902;100
AS;only;8;1;6;392;0.9900497512437811;0.6655518394648829;0.796;103;98;294;199;2;47652902;100
AS;only;8;1;7;400;0.9903846153846154;0.6889632107023411;0.8126232741617356;103;105;295;206;2;47652902;93
