permutacao;iteracao;inspecoesManuais;precision;recall;f-measure;da;dm;ndm;tp;fp;fn
0;0;0;0.9142857142857143;0.019933554817275746;0.03901646006909164;70;0;0;64;6;235
0;0;0;0.9142857142857143;0.019933554817275746;0.03901646006909164;70;0;0;64;6;235
0;0;33;0.9468085106382979;0.016611295681063124;0.03264976704941487;64;30;3;89;5;210
0;0;33;0.9468085106382979;0.016611295681063124;0.03264976704941487;64;30;3;89;5;210
0;0;33;0.9468085106382979;0.016611295681063124;0.03264976704941487;64;30;3;89;5;210
0;0;200;1.0;0.0;0.0;59;195;5;254;0;45
