abordagem;etapa;algoritmosUtilizados;permutacao;iteracao;inspecoesManuais;precision;recall;f-measure;da;dm;ndm;tp;fp;tn;fn
DS;1 - acm diverg;10;1;0;0;0.9781021897810219;0.44816053511705684;0.6146788990825688;137;0;0;134;3;47652901;165
DS;1 - acm diverg;10;2;0;0;0.9781021897810219;0.44816053511705684;0.6146788990825688;137;0;0;134;3;47652901;165
DS;1 - acm diverg;10;3;0;0;0.9781021897810219;0.44816053511705684;0.6146788990825688;137;0;0;134;3;47652901;165
DS;1 - acm diverg;10;4;0;0;0.9811320754716981;0.34782608695652173;0.5135802469135802;106;0;0;104;2;47652902;195
DS;1 - acm diverg;10;5;0;0;0.9811320754716981;0.34782608695652173;0.5135802469135802;106;0;0;104;2;47652902;195
