permutacao;iteracao;inspecoesManuais;precision;recall;f-measure;da;dm;ndm;vp;fp;fn
0;0;0;0.9230769230769231;0.023255813953488372;0.04536862003780718;91;0;0;84;7;215
0;0;33;0.9468085106382979;0.016611295681063124;0.03264976704941487;64;30;3;89;5;210
0;0;203;1.0;0.0;0.0;59;195;8;254;0;45
