Precision;Recall;F1;Iteração
0.8142857142857143;0.7774086378737541;0.7954199838983809;0.0
