abordagem;etapa;algoritmosUtilizados;permutacao;iteracao;inspecoesManuais;precision;recall;f-measure;da;dm;ndm;tp;fp;tn;fn
DS;1 - acm diverg;10;968;0;0;0.9763779527559056;0.4147157190635452;0.5821596244131455;127;0;0;124;3;47652901;175
DS;2 - AA[pet-chr];10;968;1;301;0.9877551020408164;0.8093645484949833;0.8897058823529412;127;118;198;242;3;47652901;57
