First Object;Second Object;Similarity Value;TP;FP
cddb.[1858];cddb.[9637];1.0;1;
cddb.[2004];cddb.[3710];1.0;1;
cddb.[2187];cddb.[2418];1.0;1;
cddb.[2188];cddb.[8063];0.9083333164453506;1;
cddb.[2252];cddb.[4733];1.0;1;
cddb.[2366];cddb.[2367];0.8583333492279053;1;
cddb.[2406];cddb.[7291];0.9874999970197678;1;
cddb.[2427];cddb.[8640];0.953125;1;