abordagem;etapa;algoritmosUtilizados;permutacao;iteracao;inspecoesManuais;precision;recall;f-measure;da;dm;ndm;tp;fp;tn;fn
AS;only;4;1;0;0;0.9811320754716981;0.34782608695652173;0.5135802469135802;106;0;0;104;2;47652902;195
AS;only;4;1;1;62;0.9879518072289156;0.5484949832775919;0.7053763440860216;106;60;2;164;2;47652902;135
AS;only;4;1;2;78;0.9887640449438202;0.5886287625418061;0.7379454926624739;106;72;6;176;2;47652902;123
AS;only;4;1;3;92;0.9895287958115183;0.6321070234113713;0.7714285714285715;106;85;7;189;2;47652902;110
